x,exact solution,adams
0,1,1
0.5,0.459849302,0.459849302
1,0.419169104,0.419169104
1.5,0.562233836,0.562233836
2,0.772894549,0.743309432
2.5,1.008422434,0.977044821
3,1.25309844,1.248469209
3.5,1.501139852,1.502978241
4,1.750419328,1.741781699
4.5,2.000154262,1.994588882
